-- Roles
INSERT INTO roles (id, name, slug) VALUES (1, 'Researcher', 'researcher');
INSERT INTO roles (id, name, slug) VALUES (2, 'Reviewer', 'reviewer');
INSERT INTO roles (id, name, slug) VALUES (3, 'Scientific Committee', 'scientific_committee');
INSERT INTO roles (id, name, slug) VALUES (4, 'Conference Chair', 'conference_chair');
INSERT INTO roles (id, name, slug) VALUES (5, 'Editorial Office', 'editorial_office');
INSERT INTO roles (id, name, slug) VALUES (6, 'Editor', 'editor');
INSERT INTO roles (id, name, slug) VALUES (7, 'System Administrator', 'system_admin');

-- Permissions
INSERT INTO permissions (id, name, slug) VALUES (1, 'Home View', 'home.view');
INSERT INTO permissions (id, name, slug) VALUES (2, 'About View', 'about.view');
INSERT INTO permissions (id, name, slug) VALUES (3, 'Conferences List', 'conferences.list');
INSERT INTO permissions (id, name, slug) VALUES (4, 'Conferences View Details', 'conferences.view_details');
INSERT INTO permissions (id, name, slug) VALUES (5, 'Conferences View Topics', 'conferences.view_topics');
INSERT INTO permissions (id, name, slug) VALUES (6, 'Conferences Search', 'conferences.search');
INSERT INTO permissions (id, name, slug) VALUES (7, 'Faq View', 'faq.view');
INSERT INTO permissions (id, name, slug) VALUES (8, 'Support Access', 'support.access');
INSERT INTO permissions (id, name, slug) VALUES (9, 'Auth Register', 'auth.register');
INSERT INTO permissions (id, name, slug) VALUES (10, 'Auth Login', 'auth.login');
INSERT INTO permissions (id, name, slug) VALUES (11, 'Auth Password Request', 'auth.password_request');
INSERT INTO permissions (id, name, slug) VALUES (12, 'Auth Logout', 'auth.logout');
INSERT INTO permissions (id, name, slug) VALUES (13, 'Profile View', 'profile.view');
INSERT INTO permissions (id, name, slug) VALUES (14, 'Profile Edit', 'profile.edit');
INSERT INTO permissions (id, name, slug) VALUES (15, 'Profile Change Password', 'profile.change_password');
INSERT INTO permissions (id, name, slug) VALUES (16, 'Profile Change Avatar', 'profile.change_avatar');
INSERT INTO permissions (id, name, slug) VALUES (17, 'Settings Manage Personal', 'settings.manage_personal');
INSERT INTO permissions (id, name, slug) VALUES (18, 'Notifications View', 'notifications.view');
INSERT INTO permissions (id, name, slug) VALUES (19, 'Activity Log View Personal', 'activity_log.view_personal');
INSERT INTO permissions (id, name, slug) VALUES (20, 'Conferences View Available', 'conferences.view_available');
INSERT INTO permissions (id, name, slug) VALUES (21, 'Conferences Register', 'conferences.register');
INSERT INTO permissions (id, name, slug) VALUES (22, 'Conferences Cancel Registration', 'conferences.cancel_registration');
INSERT INTO permissions (id, name, slug) VALUES (23, 'Papers Submit', 'papers.submit');
INSERT INTO permissions (id, name, slug) VALUES (24, 'Papers View Own', 'papers.view_own');
INSERT INTO permissions (id, name, slug) VALUES (25, 'Papers Edit', 'papers.edit');
INSERT INTO permissions (id, name, slug) VALUES (26, 'Papers Reupload', 'papers.reupload');
INSERT INTO permissions (id, name, slug) VALUES (27, 'Papers Withdraw', 'papers.withdraw');
INSERT INTO permissions (id, name, slug) VALUES (28, 'Papers Track Status', 'papers.track_status');
INSERT INTO permissions (id, name, slug) VALUES (29, 'Comments View', 'comments.view');
INSERT INTO permissions (id, name, slug) VALUES (30, 'Certificates Download Participation', 'certificates.download_participation');
INSERT INTO permissions (id, name, slug) VALUES (31, 'Certificates Download Acceptance', 'certificates.download_acceptance');
INSERT INTO permissions (id, name, slug) VALUES (32, 'Papers View Assigned', 'papers.view_assigned');
INSERT INTO permissions (id, name, slug) VALUES (33, 'Papers Download', 'papers.download');
INSERT INTO permissions (id, name, slug) VALUES (34, 'Reviews Fill Form', 'reviews.fill_form');
INSERT INTO permissions (id, name, slug) VALUES (35, 'Reviews Submit', 'reviews.submit');
INSERT INTO permissions (id, name, slug) VALUES (36, 'Reviews Decision Recommend', 'reviews.decision_recommend');
INSERT INTO permissions (id, name, slug) VALUES (37, 'Reviews View Completed', 'reviews.view_completed');
INSERT INTO permissions (id, name, slug) VALUES (38, 'Reviews View History', 'reviews.view_history');
INSERT INTO permissions (id, name, slug) VALUES (39, 'Guide View Reviewer', 'guide.view_reviewer');
INSERT INTO permissions (id, name, slug) VALUES (40, 'Notifications Assignment Receive', 'notifications.assignment_receive');
INSERT INTO permissions (id, name, slug) VALUES (41, 'Conferences Create', 'conferences.create');
INSERT INTO permissions (id, name, slug) VALUES (42, 'Conferences Edit', 'conferences.edit');
INSERT INTO permissions (id, name, slug) VALUES (43, 'Conferences Close', 'conferences.close');
INSERT INTO permissions (id, name, slug) VALUES (44, 'Papers View All', 'papers.view_all');
INSERT INTO permissions (id, name, slug) VALUES (45, 'Papers Filter', 'papers.filter');
INSERT INTO permissions (id, name, slug) VALUES (46, 'Papers Initial Decision', 'papers.initial_decision');
INSERT INTO permissions (id, name, slug) VALUES (47, 'Reviewers Add', 'reviewers.add');
INSERT INTO permissions (id, name, slug) VALUES (48, 'Reviewers Edit', 'reviewers.edit');
INSERT INTO permissions (id, name, slug) VALUES (49, 'Reviewers Assign', 'reviewers.assign');
INSERT INTO permissions (id, name, slug) VALUES (50, 'Reviews View Evaluations', 'reviews.view_evaluations');
INSERT INTO permissions (id, name, slug) VALUES (51, 'Reviews Recommendation', 'reviews.recommendation');
INSERT INTO permissions (id, name, slug) VALUES (52, 'Sessions Create', 'sessions.create');
INSERT INTO permissions (id, name, slug) VALUES (53, 'Sessions Schedule', 'sessions.schedule');
INSERT INTO permissions (id, name, slug) VALUES (54, 'Sessions Prepare Program', 'sessions.prepare_program');
INSERT INTO permissions (id, name, slug) VALUES (55, 'Certificates Generate', 'certificates.generate');
INSERT INTO permissions (id, name, slug) VALUES (56, 'Certificates Approve', 'certificates.approve');
INSERT INTO permissions (id, name, slug) VALUES (57, 'Reports Papers', 'reports.papers');
INSERT INTO permissions (id, name, slug) VALUES (58, 'Reports Reviewers', 'reports.reviewers');
INSERT INTO permissions (id, name, slug) VALUES (59, 'Reports Stats', 'reports.stats');
INSERT INTO permissions (id, name, slug) VALUES (60, 'Conference Monitor', 'conference.monitor');
INSERT INTO permissions (id, name, slug) VALUES (61, 'Kpi View', 'kpi.view');
INSERT INTO permissions (id, name, slug) VALUES (62, 'Decisions Approve Reviews', 'decisions.approve_reviews');
INSERT INTO permissions (id, name, slug) VALUES (63, 'Decisions Approve Final Papers', 'decisions.approve_final_papers');
INSERT INTO permissions (id, name, slug) VALUES (64, 'Sessions Approve', 'sessions.approve');
INSERT INTO permissions (id, name, slug) VALUES (65, 'Program Approve Final', 'program.approve_final');
INSERT INTO permissions (id, name, slug) VALUES (66, 'Reports Final', 'reports.final');
INSERT INTO permissions (id, name, slug) VALUES (67, 'Reports General Stats', 'reports.general_stats');
INSERT INTO permissions (id, name, slug) VALUES (68, 'Papers Check Compliance', 'papers.check_compliance');
INSERT INTO permissions (id, name, slug) VALUES (69, 'Papers Initial Accept Reject', 'papers.initial_accept_reject');
INSERT INTO permissions (id, name, slug) VALUES (70, 'Reviews Monitor Progress', 'reviews.monitor_progress');
INSERT INTO permissions (id, name, slug) VALUES (71, 'Communication Contact Researchers', 'communication.contact_researchers');
INSERT INTO permissions (id, name, slug) VALUES (72, 'Communication Contact Reviewers', 'communication.contact_reviewers');
INSERT INTO permissions (id, name, slug) VALUES (73, 'Communication Manage Official', 'communication.manage_official');
INSERT INTO permissions (id, name, slug) VALUES (74, 'Notifications Receive All Workflow', 'notifications.receive_all_workflow');
INSERT INTO permissions (id, name, slug) VALUES (75, 'Papers Review Language', 'papers.review_language');
INSERT INTO permissions (id, name, slug) VALUES (76, 'Papers Review Technical', 'papers.review_technical');
INSERT INTO permissions (id, name, slug) VALUES (77, 'Papers Request Revision', 'papers.request_revision');
INSERT INTO permissions (id, name, slug) VALUES (78, 'Papers Send To Review', 'papers.send_to_review');
INSERT INTO permissions (id, name, slug) VALUES (79, 'Papers Approve Final Version', 'papers.approve_final_version');
INSERT INTO permissions (id, name, slug) VALUES (80, 'Users Create', 'users.create');
INSERT INTO permissions (id, name, slug) VALUES (81, 'Users Edit', 'users.edit');
INSERT INTO permissions (id, name, slug) VALUES (82, 'Users Delete', 'users.delete');
INSERT INTO permissions (id, name, slug) VALUES (83, 'Users Manage Roles', 'users.manage_roles');
INSERT INTO permissions (id, name, slug) VALUES (84, 'Conferences Manage All', 'conferences.manage_all');
INSERT INTO permissions (id, name, slug) VALUES (85, 'Settings General', 'settings.general');
INSERT INTO permissions (id, name, slug) VALUES (86, 'Settings Templates', 'settings.templates');
INSERT INTO permissions (id, name, slug) VALUES (87, 'Settings Security', 'settings.security');
INSERT INTO permissions (id, name, slug) VALUES (88, 'Reports All', 'reports.all');
INSERT INTO permissions (id, name, slug) VALUES (89, 'Backups Create', 'backups.create');
INSERT INTO permissions (id, name, slug) VALUES (90, 'Backups Restore', 'backups.restore');
INSERT INTO permissions (id, name, slug) VALUES (91, 'Logs View', 'logs.view');

-- Permission-Role Mapping
INSERT INTO permission_role (permission_id, role_id) VALUES (20, 1);
INSERT INTO permission_role (permission_id, role_id) VALUES (21, 1);
INSERT INTO permission_role (permission_id, role_id) VALUES (22, 1);
INSERT INTO permission_role (permission_id, role_id) VALUES (23, 1);
INSERT INTO permission_role (permission_id, role_id) VALUES (24, 1);
INSERT INTO permission_role (permission_id, role_id) VALUES (25, 1);
INSERT INTO permission_role (permission_id, role_id) VALUES (26, 1);
INSERT INTO permission_role (permission_id, role_id) VALUES (27, 1);
INSERT INTO permission_role (permission_id, role_id) VALUES (28, 1);
INSERT INTO permission_role (permission_id, role_id) VALUES (29, 1);
INSERT INTO permission_role (permission_id, role_id) VALUES (30, 1);
INSERT INTO permission_role (permission_id, role_id) VALUES (31, 1);
INSERT INTO permission_role (permission_id, role_id) VALUES (12, 1);
INSERT INTO permission_role (permission_id, role_id) VALUES (13, 1);
INSERT INTO permission_role (permission_id, role_id) VALUES (14, 1);
INSERT INTO permission_role (permission_id, role_id) VALUES (15, 1);
INSERT INTO permission_role (permission_id, role_id) VALUES (16, 1);
INSERT INTO permission_role (permission_id, role_id) VALUES (17, 1);
INSERT INTO permission_role (permission_id, role_id) VALUES (18, 1);
INSERT INTO permission_role (permission_id, role_id) VALUES (19, 1);
INSERT INTO permission_role (permission_id, role_id) VALUES (32, 2);
INSERT INTO permission_role (permission_id, role_id) VALUES (33, 2);
INSERT INTO permission_role (permission_id, role_id) VALUES (34, 2);
INSERT INTO permission_role (permission_id, role_id) VALUES (35, 2);
INSERT INTO permission_role (permission_id, role_id) VALUES (36, 2);
INSERT INTO permission_role (permission_id, role_id) VALUES (37, 2);
INSERT INTO permission_role (permission_id, role_id) VALUES (38, 2);
INSERT INTO permission_role (permission_id, role_id) VALUES (39, 2);
INSERT INTO permission_role (permission_id, role_id) VALUES (40, 2);
INSERT INTO permission_role (permission_id, role_id) VALUES (12, 2);
INSERT INTO permission_role (permission_id, role_id) VALUES (13, 2);
INSERT INTO permission_role (permission_id, role_id) VALUES (14, 2);
INSERT INTO permission_role (permission_id, role_id) VALUES (15, 2);
INSERT INTO permission_role (permission_id, role_id) VALUES (16, 2);
INSERT INTO permission_role (permission_id, role_id) VALUES (17, 2);
INSERT INTO permission_role (permission_id, role_id) VALUES (18, 2);
INSERT INTO permission_role (permission_id, role_id) VALUES (19, 2);
INSERT INTO permission_role (permission_id, role_id) VALUES (41, 3);
INSERT INTO permission_role (permission_id, role_id) VALUES (42, 3);
INSERT INTO permission_role (permission_id, role_id) VALUES (43, 3);
INSERT INTO permission_role (permission_id, role_id) VALUES (44, 3);
INSERT INTO permission_role (permission_id, role_id) VALUES (45, 3);
INSERT INTO permission_role (permission_id, role_id) VALUES (46, 3);
INSERT INTO permission_role (permission_id, role_id) VALUES (47, 3);
INSERT INTO permission_role (permission_id, role_id) VALUES (48, 3);
INSERT INTO permission_role (permission_id, role_id) VALUES (49, 3);
INSERT INTO permission_role (permission_id, role_id) VALUES (50, 3);
INSERT INTO permission_role (permission_id, role_id) VALUES (51, 3);
INSERT INTO permission_role (permission_id, role_id) VALUES (52, 3);
INSERT INTO permission_role (permission_id, role_id) VALUES (53, 3);
INSERT INTO permission_role (permission_id, role_id) VALUES (54, 3);
INSERT INTO permission_role (permission_id, role_id) VALUES (55, 3);
INSERT INTO permission_role (permission_id, role_id) VALUES (56, 3);
INSERT INTO permission_role (permission_id, role_id) VALUES (57, 3);
INSERT INTO permission_role (permission_id, role_id) VALUES (58, 3);
INSERT INTO permission_role (permission_id, role_id) VALUES (59, 3);
INSERT INTO permission_role (permission_id, role_id) VALUES (12, 3);
INSERT INTO permission_role (permission_id, role_id) VALUES (13, 3);
INSERT INTO permission_role (permission_id, role_id) VALUES (14, 3);
INSERT INTO permission_role (permission_id, role_id) VALUES (15, 3);
INSERT INTO permission_role (permission_id, role_id) VALUES (16, 3);
INSERT INTO permission_role (permission_id, role_id) VALUES (17, 3);
INSERT INTO permission_role (permission_id, role_id) VALUES (18, 3);
INSERT INTO permission_role (permission_id, role_id) VALUES (19, 3);
INSERT INTO permission_role (permission_id, role_id) VALUES (60, 4);
INSERT INTO permission_role (permission_id, role_id) VALUES (61, 4);
INSERT INTO permission_role (permission_id, role_id) VALUES (62, 4);
INSERT INTO permission_role (permission_id, role_id) VALUES (63, 4);
INSERT INTO permission_role (permission_id, role_id) VALUES (64, 4);
INSERT INTO permission_role (permission_id, role_id) VALUES (65, 4);
INSERT INTO permission_role (permission_id, role_id) VALUES (66, 4);
INSERT INTO permission_role (permission_id, role_id) VALUES (67, 4);
INSERT INTO permission_role (permission_id, role_id) VALUES (12, 4);
INSERT INTO permission_role (permission_id, role_id) VALUES (13, 4);
INSERT INTO permission_role (permission_id, role_id) VALUES (14, 4);
INSERT INTO permission_role (permission_id, role_id) VALUES (15, 4);
INSERT INTO permission_role (permission_id, role_id) VALUES (16, 4);
INSERT INTO permission_role (permission_id, role_id) VALUES (17, 4);
INSERT INTO permission_role (permission_id, role_id) VALUES (18, 4);
INSERT INTO permission_role (permission_id, role_id) VALUES (19, 4);
INSERT INTO permission_role (permission_id, role_id) VALUES (68, 5);
INSERT INTO permission_role (permission_id, role_id) VALUES (69, 5);
INSERT INTO permission_role (permission_id, role_id) VALUES (70, 5);
INSERT INTO permission_role (permission_id, role_id) VALUES (71, 5);
INSERT INTO permission_role (permission_id, role_id) VALUES (72, 5);
INSERT INTO permission_role (permission_id, role_id) VALUES (73, 5);
INSERT INTO permission_role (permission_id, role_id) VALUES (74, 5);
INSERT INTO permission_role (permission_id, role_id) VALUES (12, 5);
INSERT INTO permission_role (permission_id, role_id) VALUES (13, 5);
INSERT INTO permission_role (permission_id, role_id) VALUES (14, 5);
INSERT INTO permission_role (permission_id, role_id) VALUES (15, 5);
INSERT INTO permission_role (permission_id, role_id) VALUES (16, 5);
INSERT INTO permission_role (permission_id, role_id) VALUES (17, 5);
INSERT INTO permission_role (permission_id, role_id) VALUES (18, 5);
INSERT INTO permission_role (permission_id, role_id) VALUES (19, 5);
INSERT INTO permission_role (permission_id, role_id) VALUES (75, 6);
INSERT INTO permission_role (permission_id, role_id) VALUES (76, 6);
INSERT INTO permission_role (permission_id, role_id) VALUES (77, 6);
INSERT INTO permission_role (permission_id, role_id) VALUES (78, 6);
INSERT INTO permission_role (permission_id, role_id) VALUES (79, 6);
INSERT INTO permission_role (permission_id, role_id) VALUES (12, 6);
INSERT INTO permission_role (permission_id, role_id) VALUES (13, 6);
INSERT INTO permission_role (permission_id, role_id) VALUES (14, 6);
INSERT INTO permission_role (permission_id, role_id) VALUES (15, 6);
INSERT INTO permission_role (permission_id, role_id) VALUES (16, 6);
INSERT INTO permission_role (permission_id, role_id) VALUES (17, 6);
INSERT INTO permission_role (permission_id, role_id) VALUES (18, 6);
INSERT INTO permission_role (permission_id, role_id) VALUES (19, 6);
INSERT INTO permission_role (permission_id, role_id) VALUES (80, 7);
INSERT INTO permission_role (permission_id, role_id) VALUES (81, 7);
INSERT INTO permission_role (permission_id, role_id) VALUES (82, 7);
INSERT INTO permission_role (permission_id, role_id) VALUES (83, 7);
INSERT INTO permission_role (permission_id, role_id) VALUES (84, 7);
INSERT INTO permission_role (permission_id, role_id) VALUES (85, 7);
INSERT INTO permission_role (permission_id, role_id) VALUES (86, 7);
INSERT INTO permission_role (permission_id, role_id) VALUES (87, 7);
INSERT INTO permission_role (permission_id, role_id) VALUES (88, 7);
INSERT INTO permission_role (permission_id, role_id) VALUES (89, 7);
INSERT INTO permission_role (permission_id, role_id) VALUES (90, 7);
INSERT INTO permission_role (permission_id, role_id) VALUES (91, 7);
INSERT INTO permission_role (permission_id, role_id) VALUES (12, 7);
INSERT INTO permission_role (permission_id, role_id) VALUES (13, 7);
INSERT INTO permission_role (permission_id, role_id) VALUES (14, 7);
INSERT INTO permission_role (permission_id, role_id) VALUES (15, 7);
INSERT INTO permission_role (permission_id, role_id) VALUES (16, 7);
INSERT INTO permission_role (permission_id, role_id) VALUES (17, 7);
INSERT INTO permission_role (permission_id, role_id) VALUES (18, 7);
INSERT INTO permission_role (permission_id, role_id) VALUES (19, 7);
